{"loss": [0.31372612714767456, 0.1845836043357849, 0.13382010161876678, 0.1110207661986351, 0.10728677362203598, 0.09911514073610306, 0.06752635538578033, 0.08654659986495972, 0.07597550004720688, 0.06284743547439575, 0.06318481266498566, 0.060565583407878876, 0.06037731096148491, 0.04295212775468826, 0.0471733957529068, 0.04229547455906868, 0.04458365589380264, 0.03150629624724388, 0.03739002346992493, 0.043538883328437805], "binary_accuracy": [0.8805146813392639, 0.939338207244873, 0.9613970518112183, 0.9724264740943909, 0.9632353186607361, 0.9632353186607361, 0.9834558963775635, 0.9761029481887817, 0.9797794222831726, 0.9834558963775635, 0.9834558963775635, 0.9779411554336548, 0.9816176295280457, 0.9889705777168274, 0.9908088445663452, 0.9889705777168274, 0.9889705777168274, 0.9963235259056091, 0.9908088445663452, 0.9834558963775635], "val_loss": [0.17647327482700348, 0.23284851014614105, 0.2349899411201477, 0.17276325821876526, 0.12125730514526367, 0.0922946110367775, 0.07634031772613525, 0.06778818368911743, 0.06425119191408157, 0.05553756281733513, 0.056817132979631424, 0.059601329267024994, 0.05491555109620094, 0.057909660041332245, 0.053162138909101486, 0.05046837031841278, 0.04710175469517708, 0.04732410982251167, 0.044191066175699234, 0.0404803492128849], "val_binary_accuracy": [0.9411764740943909, 0.9338235259056091, 0.9558823704719543, 0.9558823704719543, 0.9632353186607361, 0.9558823704719543, 0.9632353186607361, 0.970588207244873, 0.970588207244873, 0.9779411554336548, 0.9779411554336548, 0.970588207244873, 0.970588207244873, 0.9779411554336548, 0.9779411554336548, 0.9779411554336548, 0.9779411554336548, 0.9779411554336548, 0.9852941036224365, 0.9779411554336548]}