{"loss": [0.26725974678993225, 0.09130055457353592, 0.07926975190639496, 0.04926510155200958, 0.05295112356543541, 0.05680011585354805, 0.051192112267017365, 0.04817729443311691, 0.03834185376763344, 0.048809394240379333, 0.04027411714196205, 0.039339348673820496, 0.021048979833722115, 0.03663013130426407, 0.03469086438417435, 0.03274105489253998, 0.03033897839486599, 0.029243001714348793, 0.021038316190242767, 0.023713042959570885], "binary_accuracy": [0.8933823704719543, 0.9797794222831726, 0.9797794222831726, 0.9852941036224365, 0.9889705777168274, 0.9797794222831726, 0.9871323704719543, 0.9852941036224365, 0.9852941036224365, 0.9797794222831726, 0.9889705777168274, 0.9871323704719543, 0.9944853186607361, 0.9871323704719543, 0.9908088445663452, 0.9871323704719543, 0.9908088445663452, 0.9889705777168274, 0.9926470518112183, 0.9926470518112183], "val_loss": [0.11219889670610428, 0.08347097039222717, 0.053404320031404495, 0.07410130649805069, 0.03948762267827988, 0.05887250974774361, 0.046265095472335815, 0.03322840481996536, 0.029928309842944145, 0.03464377671480179, 0.03256548196077347, 0.03304204344749451, 0.026315882802009583, 0.04930724576115608, 0.028896039351820946, 0.025501424446702003, 0.04084523022174835, 0.03405889868736267, 0.030972231179475784, 0.03195817023515701], "val_binary_accuracy": [0.970588207244873, 0.9779411554336548, 0.9852941036224365, 0.9779411554336548, 0.9926470518112183, 0.9779411554336548, 0.9779411554336548, 0.9926470518112183, 0.9852941036224365, 0.9852941036224365, 0.9852941036224365, 0.9852941036224365, 0.9926470518112183, 0.970588207244873, 0.9926470518112183, 0.9926470518112183, 0.970588207244873, 0.9852941036224365, 0.9852941036224365, 0.9852941036224365]}