{"loss": [1.2390347719192505, 1.0615297555923462, 0.9428202509880066, 0.8669265508651733, 0.8752328753471375, 0.805029571056366, 0.7816668748855591, 0.7665162086486816, 0.7610026001930237, 0.7024782299995422, 0.7300013303756714, 0.7007837891578674, 0.6793041825294495, 0.6864013075828552, 0.6876955628395081, 0.6758286356925964, 0.6471556425094604, 0.6745069622993469, 0.6398955583572388, 0.6525964736938477, 0.6754765510559082, 0.6708481907844543, 0.6145598292350769, 0.6301925182342529, 0.6203609704971313, 0.6452076435089111, 0.6022183895111084, 0.6567282676696777, 0.6516424417495728, 0.6292930841445923, 0.6205645203590393, 0.5806055068969727, 0.6331072449684143, 0.6140086650848389, 0.6197549104690552, 0.6293541789054871, 0.6267566084861755, 0.5976796746253967, 0.5790900588035583, 0.6054751873016357, 0.5758875608444214, 0.5927494764328003, 0.5902541279792786, 0.6048312187194824, 0.6037647128105164, 0.598263680934906, 0.5742559432983398, 0.591138482093811, 0.5795345306396484, 0.5830504298210144], "accuracy": [0.4522058963775635, 0.5147058963775635, 0.5735294222831726, 0.6084558963775635, 0.625, 0.6397058963775635, 0.6617646813392639, 0.6617646813392639, 0.6525735259056091, 0.6801470518112183, 0.6691176295280457, 0.6911764740943909, 0.7058823704719543, 0.685661792755127, 0.7003676295280457, 0.7077205777168274, 0.716911792755127, 0.7022058963775635, 0.7003676295280457, 0.6764705777168274, 0.6930146813392639, 0.685661792755127, 0.7150735259056091, 0.6966911554336548, 0.7150735259056091, 0.689338207244873, 0.7408088445663452, 0.6948529481887817, 0.685661792755127, 0.716911792755127, 0.7095588445663452, 0.7242646813392639, 0.7040441036224365, 0.7279411554336548, 0.7113970518112183, 0.7297794222831726, 0.7334558963775635, 0.716911792755127, 0.7389705777168274, 0.716911792755127, 0.7297794222831726, 0.7261029481887817, 0.7426470518112183, 0.7408088445663452, 0.7242646813392639, 0.7389705777168274, 0.7224264740943909, 0.7426470518112183, 0.7297794222831726, 0.7297794222831726], "val_loss": [1.0065639019012451, 0.8750848770141602, 0.8018614053726196, 0.8718271851539612, 0.7092337608337402, 0.6692476272583008, 0.6482272148132324, 0.6167460083961487, 0.6253858804702759, 0.6854913830757141, 0.6294625997543335, 0.582120418548584, 0.6384134888648987, 0.5726409554481506, 0.5892853736877441, 0.5659051537513733, 0.6025675535202026, 0.6910581588745117, 0.6726003289222717, 0.5989452004432678, 0.57054203748703, 0.5493975877761841, 0.5525137186050415, 0.6120791435241699, 0.5843837261199951, 0.6165013313293457, 0.6151915788650513, 0.605349600315094, 0.5389996767044067, 0.5779454708099365, 0.5162180066108704, 0.6191859245300293, 0.5872243642807007, 0.5428754091262817, 0.5236740112304688, 0.5348981618881226, 0.6466906070709229, 0.49679017066955566, 0.5538821220397949, 0.49953117966651917, 0.5552938580513, 0.6237980723381042, 0.504044234752655, 0.563982367515564, 0.4920913577079773, 0.5390050411224365, 0.5181853175163269, 0.5850235223770142, 0.575935959815979, 0.4735426604747772], "val_accuracy": [0.5514705777168274, 0.6470588445663452, 0.6691176295280457, 0.625, 0.7132353186607361, 0.720588207244873, 0.8014705777168274, 0.7720588445663452, 0.7867646813392639, 0.7058823704719543, 0.7867646813392639, 0.8161764740943909, 0.7352941036224365, 0.7573529481887817, 0.75, 0.7941176295280457, 0.7426470518112183, 0.7132353186607361, 0.6323529481887817, 0.7426470518112183, 0.7867646813392639, 0.8014705777168274, 0.7941176295280457, 0.7132353186607361, 0.75, 0.7279411554336548, 0.7573529481887817, 0.779411792755127, 0.7867646813392639, 0.7867646813392639, 0.7867646813392639, 0.7720588445663452, 0.7426470518112183, 0.8014705777168274, 0.7867646813392639, 0.75, 0.6985294222831726, 0.8382353186607361, 0.7941176295280457, 0.8014705777168274, 0.8014705777168274, 0.7647058963775635, 0.7867646813392639, 0.7867646813392639, 0.8382353186607361, 0.7647058963775635, 0.7867646813392639, 0.7426470518112183, 0.779411792755127, 0.8382353186607361]}