{"loss": [0.9414042234420776, 0.7725911140441895, 0.7573543787002563, 0.6797728538513184, 0.5955045223236084, 0.5852152705192566, 0.5475377440452576, 0.5546724200248718, 0.5477616190910339, 0.5089677572250366, 0.5571638941764832, 0.5657267570495605, 0.5234334468841553, 0.4868529140949249, 0.5263464450836182, 0.5094058513641357, 0.5556750297546387, 0.4903854429721832, 0.5627106428146362, 0.5031008720397949, 0.44894182682037354, 0.5066266059875488, 0.5198630690574646, 0.48615241050720215, 0.42488569021224976, 0.47360628843307495, 0.4600493013858795, 0.482695072889328, 0.5267561674118042, 0.4678599536418915, 0.4925215244293213, 0.4643457531929016, 0.5143789052963257, 0.4377191960811615, 0.47548025846481323, 0.4514389932155609, 0.424475759267807, 0.4338746666908264, 0.5274155139923096, 0.47939160466194153, 0.4917750060558319, 0.4425252676010132, 0.4529831111431122, 0.4444916248321533, 0.436349481344223, 0.42188701033592224, 0.4428403973579407, 0.4364238679409027, 0.43993428349494934, 0.44440317153930664], "accuracy": [0.6139705777168274, 0.7003676295280457, 0.6819853186607361, 0.7022058963775635, 0.7279411554336548, 0.751838207244873, 0.7683823704719543, 0.748161792755127, 0.7628676295280457, 0.7849264740943909, 0.7683823704719543, 0.75, 0.7536764740943909, 0.779411792755127, 0.78125, 0.7886029481887817, 0.751838207244873, 0.7959558963775635, 0.7555146813392639, 0.7720588445663452, 0.7904411554336548, 0.7683823704719543, 0.7610294222831726, 0.7738970518112183, 0.8088235259056091, 0.8014705777168274, 0.783088207244873, 0.7922794222831726, 0.7849264740943909, 0.7977941036224365, 0.7867646813392639, 0.7941176295280457, 0.7683823704719543, 0.810661792755127, 0.7886029481887817, 0.7941176295280457, 0.7922794222831726, 0.8180146813392639, 0.779411792755127, 0.7867646813392639, 0.78125, 0.7941176295280457, 0.7904411554336548, 0.8161764740943909, 0.7922794222831726, 0.7922794222831726, 0.7996323704719543, 0.7904411554336548, 0.7941176295280457, 0.8161764740943909], "val_loss": [0.7514874935150146, 0.7025615572929382, 0.593296229839325, 0.5420228838920593, 0.6157810091972351, 0.6629740595817566, 0.557852566242218, 0.49330615997314453, 0.5330379009246826, 0.5933318138122559, 0.4670577049255371, 0.5599810481071472, 0.5124890804290771, 0.4893955886363983, 0.6943991780281067, 0.497869610786438, 0.5392577052116394, 0.6004778146743774, 0.5077405571937561, 0.4483916759490967, 0.4379800260066986, 0.4647945165634155, 0.4447351098060608, 0.4766733944416046, 0.6336621642112732, 0.4488646686077118, 0.42374834418296814, 0.4462466239929199, 0.46739551424980164, 0.5693818926811218, 0.44158267974853516, 0.45261186361312866, 0.44558027386665344, 0.39962661266326904, 0.38991984724998474, 0.4421384334564209, 0.4064581096172333, 0.5064353346824646, 0.3956367075443268, 0.5502970814704895, 0.39974603056907654, 0.45919331908226013, 0.6110048294067383, 0.4317094683647156, 0.4272976219654083, 0.5180047154426575, 0.48017293214797974, 0.46391257643699646, 0.523655354976654, 0.4843003749847412], "val_accuracy": [0.6470588445663452, 0.6838235259056091, 0.7720588445663452, 0.7573529481887817, 0.7352941036224365, 0.6470588445663452, 0.779411792755127, 0.779411792755127, 0.7573529481887817, 0.7941176295280457, 0.845588207244873, 0.8014705777168274, 0.8088235259056091, 0.7941176295280457, 0.7647058963775635, 0.7941176295280457, 0.75, 0.7279411554336548, 0.7720588445663452, 0.8308823704719543, 0.845588207244873, 0.8235294222831726, 0.8308823704719543, 0.779411792755127, 0.7426470518112183, 0.8088235259056091, 0.8529411554336548, 0.8235294222831726, 0.8235294222831726, 0.7573529481887817, 0.8014705777168274, 0.8088235259056091, 0.8088235259056091, 0.8382353186607361, 0.8308823704719543, 0.8235294222831726, 0.8235294222831726, 0.7941176295280457, 0.8088235259056091, 0.7941176295280457, 0.8235294222831726, 0.8382353186607361, 0.7647058963775635, 0.8088235259056091, 0.8161764740943909, 0.7720588445663452, 0.8088235259056091, 0.779411792755127, 0.7720588445663452, 0.8014705777168274]}