{"loss": [1.3013297319412231, 0.9524865746498108, 0.9580740928649902, 0.8872063755989075, 0.8001822233200073, 0.8112004399299622, 0.8029610514640808, 0.786455512046814, 0.7994620203971863, 0.7335768938064575, 0.7199831008911133, 0.6962011456489563, 0.7130282521247864, 0.6624909043312073, 0.6940464973449707, 0.6921030879020691, 0.6669591665267944, 0.6407285928726196, 0.6392863392829895, 0.6587603688240051, 0.6406578421592712, 0.6710057258605957, 0.6636137962341309, 0.6316936612129211, 0.6273331642150879, 0.658877432346344, 0.6249029636383057, 0.6104541420936584, 0.6332701444625854, 0.6067748665809631, 0.6608957648277283, 0.6668878197669983, 0.6161568760871887, 0.5701053738594055, 0.6260573267936707, 0.6230215430259705, 0.5921872854232788, 0.5885556936264038, 0.5947451591491699, 0.6077585220336914, 0.5824270844459534, 0.6201085448265076, 0.5744263529777527, 0.6020101308822632, 0.5557565689086914, 0.587770938873291, 0.5998044610023499, 0.6135060787200928, 0.5603413581848145, 0.5891993045806885], "accuracy": [0.40992647409439087, 0.6084558963775635, 0.5863970518112183, 0.6121323704719543, 0.6617646813392639, 0.6488970518112183, 0.6360294222831726, 0.6433823704719543, 0.6636029481887817, 0.6838235259056091, 0.6654411554336548, 0.6948529481887817, 0.6875, 0.6966911554336548, 0.6599264740943909, 0.6672794222831726, 0.7058823704719543, 0.6985294222831726, 0.6948529481887817, 0.6783088445663452, 0.7095588445663452, 0.7003676295280457, 0.6966911554336548, 0.6985294222831726, 0.7040441036224365, 0.689338207244873, 0.6783088445663452, 0.7352941036224365, 0.7022058963775635, 0.720588207244873, 0.7003676295280457, 0.6875, 0.7261029481887817, 0.7536764740943909, 0.720588207244873, 0.7003676295280457, 0.7279411554336548, 0.7077205777168274, 0.7279411554336548, 0.6948529481887817, 0.7334558963775635, 0.7113970518112183, 0.7426470518112183, 0.7444853186607361, 0.7371323704719543, 0.7316176295280457, 0.7150735259056091, 0.7058823704719543, 0.7536764740943909, 0.720588207244873], "val_loss": [1.0238655805587769, 0.9790313839912415, 0.7655572891235352, 0.7915090918540955, 0.7662664651870728, 0.7899313569068909, 0.6587949395179749, 0.6787639260292053, 0.6525105834007263, 0.6599074006080627, 0.6410927772521973, 0.6220205426216125, 0.6076623797416687, 0.5811333656311035, 0.6928836703300476, 0.7269619703292847, 0.5674161314964294, 0.635735034942627, 0.5534948110580444, 0.5529921650886536, 0.5863987803459167, 0.6909543871879578, 0.5702846050262451, 0.5784923434257507, 0.5706303715705872, 0.5841197967529297, 0.5975584983825684, 0.624025285243988, 0.6643033027648926, 0.568885326385498, 0.5676978826522827, 0.5217772126197815, 0.561042308807373, 0.5195202827453613, 0.684696614742279, 0.558556079864502, 0.6475861072540283, 0.5369855165481567, 0.5712466835975647, 0.6060492396354675, 0.5441250801086426, 0.5326788425445557, 0.5174692869186401, 0.4980602264404297, 0.5770494341850281, 0.5706376433372498, 0.5435903668403625, 0.7152425646781921, 0.4714468717575073, 0.5725772976875305], "val_accuracy": [0.6470588445663452, 0.5147058963775635, 0.720588207244873, 0.6470588445663452, 0.6323529481887817, 0.6397058963775635, 0.7941176295280457, 0.7132353186607361, 0.75, 0.7573529481887817, 0.7352941036224365, 0.7279411554336548, 0.7867646813392639, 0.7352941036224365, 0.720588207244873, 0.6838235259056091, 0.75, 0.75, 0.7647058963775635, 0.8308823704719543, 0.7279411554336548, 0.6397058963775635, 0.75, 0.75, 0.7573529481887817, 0.7941176295280457, 0.7352941036224365, 0.7647058963775635, 0.7352941036224365, 0.7132353186607361, 0.8014705777168274, 0.8308823704719543, 0.7426470518112183, 0.7941176295280457, 0.7132353186607361, 0.7573529481887817, 0.7647058963775635, 0.8088235259056091, 0.7573529481887817, 0.6838235259056091, 0.7573529481887817, 0.8235294222831726, 0.7573529481887817, 0.779411792755127, 0.7647058963775635, 0.7058823704719543, 0.7720588445663452, 0.6985294222831726, 0.8235294222831726, 0.75]}