{"loss": [1.1708754301071167, 0.8733327984809875, 0.7408280372619629, 0.7055147886276245, 0.6412091255187988, 0.6358776688575745, 0.6211702823638916, 0.621475100517273, 0.5787527561187744, 0.565373957157135, 0.5758160948753357, 0.5475002527236938, 0.5701295137405396, 0.5745044946670532, 0.5494447350502014, 0.5438745617866516, 0.5083624124526978, 0.5281865000724792, 0.4988020658493042, 0.5314584374427795, 0.5230201482772827, 0.5146902799606323, 0.5102712512016296, 0.490572988986969, 0.5057832598686218, 0.512070894241333, 0.47033268213272095, 0.4685240685939789, 0.4852532744407654, 0.4553065299987793, 0.4670444428920746, 0.47519320249557495, 0.5012149214744568, 0.4716404676437378, 0.48830750584602356, 0.46230050921440125, 0.4693228602409363, 0.47002241015434265, 0.4665164053440094, 0.42818501591682434, 0.4528830051422119, 0.4547366499900818, 0.45464614033699036, 0.4392385482788086, 0.4544876515865326, 0.43020617961883545, 0.41741105914115906, 0.4319542348384857, 0.4194362759590149, 0.4073947072029114], "accuracy": [0.48161765933036804, 0.685661792755127, 0.7095588445663452, 0.716911792755127, 0.7444853186607361, 0.7371323704719543, 0.7389705777168274, 0.7408088445663452, 0.7610294222831726, 0.7573529481887817, 0.7683823704719543, 0.7757353186607361, 0.7665441036224365, 0.748161792755127, 0.7775735259056091, 0.7904411554336548, 0.8033088445663452, 0.7849264740943909, 0.7977941036224365, 0.7959558963775635, 0.7886029481887817, 0.7941176295280457, 0.7996323704719543, 0.7867646813392639, 0.78125, 0.7849264740943909, 0.810661792755127, 0.8033088445663452, 0.7959558963775635, 0.8069853186607361, 0.7996323704719543, 0.7996323704719543, 0.7941176295280457, 0.8069853186607361, 0.8069853186607361, 0.8051470518112183, 0.7941176295280457, 0.7959558963775635, 0.814338207244873, 0.8363970518112183, 0.8051470518112183, 0.814338207244873, 0.8161764740943909, 0.8180146813392639, 0.8014705777168274, 0.8308823704719543, 0.8216911554336548, 0.8272058963775635, 0.8216911554336548, 0.8235294222831726], "val_loss": [1.003287434577942, 0.8565298914909363, 0.7656973600387573, 0.7060026526451111, 0.6464893221855164, 0.6603068709373474, 0.6542370915412903, 0.7219005823135376, 0.6327759623527527, 0.5814886689186096, 0.6418300271034241, 0.7354394197463989, 0.5957477688789368, 0.6078405380249023, 0.5433987975120544, 0.5571927428245544, 0.5384364128112793, 0.6973261833190918, 0.5749140977859497, 0.5489514470100403, 0.5548200011253357, 0.5475532412528992, 0.5543983578681946, 0.5085294842720032, 0.48726698756217957, 0.5392065644264221, 0.478219211101532, 0.5060174465179443, 0.6097539067268372, 0.5431281924247742, 0.5689379572868347, 0.4734088182449341, 0.5543557405471802, 0.48099568486213684, 0.531682550907135, 0.5153586268424988, 0.47317251563072205, 0.4775063097476959, 0.5382679104804993, 0.4773992598056793, 0.5014027953147888, 0.4847670793533325, 0.5731846690177917, 0.5561094880104065, 0.5183130502700806, 0.46375030279159546, 0.4779531955718994, 0.5823814272880554, 0.4726121425628662, 0.4559246003627777], "val_accuracy": [0.654411792755127, 0.6838235259056091, 0.6617646813392639, 0.7058823704719543, 0.7279411554336548, 0.7058823704719543, 0.7426470518112183, 0.654411792755127, 0.7426470518112183, 0.7426470518112183, 0.7058823704719543, 0.6911764740943909, 0.7426470518112183, 0.7279411554336548, 0.7720588445663452, 0.7867646813392639, 0.7867646813392639, 0.6838235259056091, 0.7573529481887817, 0.7720588445663452, 0.7720588445663452, 0.7720588445663452, 0.7573529481887817, 0.779411792755127, 0.7941176295280457, 0.7426470518112183, 0.8014705777168274, 0.7867646813392639, 0.7058823704719543, 0.75, 0.7279411554336548, 0.7867646813392639, 0.7352941036224365, 0.8161764740943909, 0.75, 0.7720588445663452, 0.7867646813392639, 0.8014705777168274, 0.75, 0.8014705777168274, 0.8088235259056091, 0.7867646813392639, 0.7426470518112183, 0.75, 0.75, 0.8088235259056091, 0.7941176295280457, 0.7352941036224365, 0.779411792755127, 0.8014705777168274]}