{"loss": [1.3417940139770508, 1.02060866355896, 0.7089039087295532, 0.6740566492080688, 0.6940523386001587, 0.5770759582519531, 0.679946780204773, 0.565470278263092, 0.5538378953933716, 0.53714919090271, 0.5778438448905945, 0.5601901412010193, 0.5537047386169434, 0.5271780490875244, 0.536542534828186, 0.5862876772880554, 0.5492638945579529, 0.5910199880599976, 0.4841597378253937, 0.514026403427124, 0.5118556618690491, 0.5264120101928711, 0.5079866051673889, 0.5481008291244507, 0.45369434356689453, 0.46359381079673767, 0.4957256317138672, 0.4905124604701996, 0.4379909634590149, 0.5158135294914246, 0.5232172012329102, 0.4482952952384949, 0.49907824397087097, 0.48212292790412903, 0.45142677426338196, 0.4740568697452545, 0.44636404514312744, 0.5098827481269836, 0.5000219345092773, 0.4525851011276245, 0.4561462104320526, 0.44042322039604187, 0.3989901840686798, 0.42563802003860474, 0.45836710929870605, 0.4577352702617645, 0.41927507519721985, 0.49557381868362427, 0.4623517096042633, 0.45207157731056213], "accuracy": [0.6084558963775635, 0.6691176295280457, 0.716911792755127, 0.6966911554336548, 0.7040441036224365, 0.75, 0.71875, 0.7408088445663452, 0.7536764740943909, 0.7610294222831726, 0.7444853186607361, 0.7334558963775635, 0.7775735259056091, 0.78125, 0.7591911554336548, 0.7683823704719543, 0.7573529481887817, 0.7408088445663452, 0.7977941036224365, 0.78125, 0.7886029481887817, 0.7536764740943909, 0.7757353186607361, 0.7555146813392639, 0.7977941036224365, 0.7959558963775635, 0.78125, 0.7922794222831726, 0.8216911554336548, 0.7702205777168274, 0.7591911554336548, 0.7867646813392639, 0.7738970518112183, 0.7720588445663452, 0.8014705777168274, 0.7738970518112183, 0.7867646813392639, 0.7665441036224365, 0.7683823704719543, 0.7904411554336548, 0.810661792755127, 0.7867646813392639, 0.8253676295280457, 0.8069853186607361, 0.7702205777168274, 0.8069853186607361, 0.810661792755127, 0.7738970518112183, 0.8161764740943909, 0.8180146813392639], "val_loss": [0.8000664710998535, 0.5209264159202576, 0.8783509135246277, 0.5779227018356323, 0.711618185043335, 0.7285687327384949, 0.7500879764556885, 0.5180792808532715, 0.6234622597694397, 0.6073142886161804, 0.5387036204338074, 0.6694821119308472, 0.5957465767860413, 0.5516810417175293, 0.6484319567680359, 0.5011500716209412, 0.5151945948600769, 0.6268815398216248, 0.49703699350357056, 0.9403613209724426, 0.8403100967407227, 0.5490018129348755, 0.5427417755126953, 0.5360288023948669, 0.6236579418182373, 0.4970025420188904, 0.4878107011318207, 0.5742371082305908, 0.5062044262886047, 0.5476697087287903, 0.5134959816932678, 0.45127490162849426, 0.5217577815055847, 0.45732828974723816, 0.7262449860572815, 0.719119668006897, 0.6091488599777222, 0.7073236107826233, 0.5363348722457886, 0.6138424277305603, 0.5578188896179199, 0.4560421109199524, 0.492956280708313, 0.7980504035949707, 0.5531876087188721, 0.5900731682777405, 0.4629717469215393, 0.5755102634429932, 0.5170420408248901, 0.6500067710876465], "val_accuracy": [0.6838235259056091, 0.7867646813392639, 0.625, 0.7426470518112183, 0.6985294222831726, 0.6691176295280457, 0.6323529481887817, 0.7352941036224365, 0.6985294222831726, 0.6838235259056091, 0.7573529481887817, 0.7132353186607361, 0.720588207244873, 0.7279411554336548, 0.7058823704719543, 0.7720588445663452, 0.7647058963775635, 0.7058823704719543, 0.8014705777168274, 0.625, 0.6323529481887817, 0.6985294222831726, 0.7941176295280457, 0.7279411554336548, 0.6985294222831726, 0.7941176295280457, 0.779411792755127, 0.7352941036224365, 0.7426470518112183, 0.7426470518112183, 0.7573529481887817, 0.7941176295280457, 0.7279411554336548, 0.7941176295280457, 0.6764705777168274, 0.720588207244873, 0.7352941036224365, 0.6838235259056091, 0.75, 0.7132353186607361, 0.7279411554336548, 0.8088235259056091, 0.7720588445663452, 0.7058823704719543, 0.7058823704719543, 0.75, 0.8014705777168274, 0.7647058963775635, 0.7573529481887817, 0.720588207244873]}