{"loss": [1.464946985244751, 0.9360711574554443, 0.7455502152442932, 0.65841144323349, 0.5942384600639343, 0.6319399476051331, 0.5635368227958679, 0.6176226735115051, 0.5658347010612488, 0.5603614449501038, 0.5541217923164368, 0.5726093649864197, 0.5187821388244629, 0.5464535355567932, 0.4952564835548401, 0.5718765258789062, 0.5474638938903809, 0.48107948899269104, 0.5307502746582031, 0.5461422204971313, 0.5405873656272888, 0.4902336597442627, 0.5054153800010681, 0.4970526397228241, 0.48566505312919617, 0.49898019433021545, 0.49208876490592957, 0.4779954254627228, 0.4620184898376465, 0.49409282207489014, 0.4787241518497467, 0.4277692139148712, 0.49571165442466736, 0.4879763424396515, 0.4534989893436432, 0.462863951921463, 0.45243626832962036, 0.44573351740837097, 0.4545562267303467, 0.4208666980266571, 0.46080997586250305, 0.4627911448478699, 0.46828770637512207, 0.40854865312576294, 0.40893569588661194, 0.47306182980537415, 0.43462073802948, 0.49295082688331604, 0.4000881612300873, 0.4200628995895386], "accuracy": [0.5863970518112183, 0.6672794222831726, 0.6948529481887817, 0.6875, 0.7665441036224365, 0.71875, 0.748161792755127, 0.7352941036224365, 0.7555146813392639, 0.7573529481887817, 0.7426470518112183, 0.7555146813392639, 0.7738970518112183, 0.7555146813392639, 0.7904411554336548, 0.7720588445663452, 0.7573529481887817, 0.7849264740943909, 0.7757353186607361, 0.7426470518112183, 0.7683823704719543, 0.7886029481887817, 0.7849264740943909, 0.7904411554336548, 0.7922794222831726, 0.783088207244873, 0.7867646813392639, 0.78125, 0.7996323704719543, 0.7738970518112183, 0.810661792755127, 0.8014705777168274, 0.7628676295280457, 0.8033088445663452, 0.7904411554336548, 0.8125, 0.8014705777168274, 0.7922794222831726, 0.7996323704719543, 0.7959558963775635, 0.8014705777168274, 0.78125, 0.8069853186607361, 0.8253676295280457, 0.8125, 0.7959558963775635, 0.7904411554336548, 0.7849264740943909, 0.8069853186607361, 0.7922794222831726], "val_loss": [0.8518248200416565, 0.6695619225502014, 0.6214205026626587, 0.7663328051567078, 0.5141720175743103, 0.512372612953186, 0.6111941337585449, 0.7814940214157104, 0.5021166801452637, 0.555141031742096, 0.5106175541877747, 0.5243740081787109, 0.5784251093864441, 0.5354591012001038, 0.6316361427307129, 0.5333329439163208, 0.6683100461959839, 0.6313109993934631, 0.4937460720539093, 0.5189021825790405, 0.5420721173286438, 0.559799075126648, 0.483603298664093, 0.8310970664024353, 0.5143805742263794, 0.5698045492172241, 0.48081105947494507, 0.47348105907440186, 0.4857666790485382, 0.6145386695861816, 0.547688901424408, 0.45983245968818665, 0.5477906465530396, 0.5076349973678589, 0.48838570713996887, 0.47864830493927, 0.5390551090240479, 0.588378369808197, 0.5559412837028503, 0.6849351525306702, 0.4776885211467743, 0.5247194766998291, 0.4985336363315582, 0.4616059362888336, 0.4853125810623169, 0.6079073548316956, 0.5393001437187195, 0.6259958148002625, 0.7052571177482605, 0.5235317349433899], "val_accuracy": [0.6838235259056091, 0.6985294222831726, 0.7352941036224365, 0.6323529481887817, 0.7426470518112183, 0.720588207244873, 0.720588207244873, 0.654411792755127, 0.75, 0.7941176295280457, 0.8161764740943909, 0.75, 0.7426470518112183, 0.75, 0.7132353186607361, 0.7352941036224365, 0.720588207244873, 0.7132353186607361, 0.8161764740943909, 0.7867646813392639, 0.7720588445663452, 0.7279411554336548, 0.7720588445663452, 0.6470588445663452, 0.7647058963775635, 0.779411792755127, 0.7941176295280457, 0.8014705777168274, 0.7573529481887817, 0.7132353186607361, 0.7573529481887817, 0.8308823704719543, 0.7426470518112183, 0.75, 0.7647058963775635, 0.8088235259056091, 0.7573529481887817, 0.75, 0.7426470518112183, 0.7132353186607361, 0.7647058963775635, 0.779411792755127, 0.7426470518112183, 0.7867646813392639, 0.7941176295280457, 0.7352941036224365, 0.7426470518112183, 0.7352941036224365, 0.6985294222831726, 0.779411792755127]}