{"loss": [1.2430317401885986, 0.6521533727645874, 0.6214285492897034, 0.5946124792098999, 0.46346187591552734, 0.43812277913093567, 0.38369840383529663, 0.3886180520057678, 0.3926892876625061, 0.3279401659965515, 0.31548333168029785, 0.2720056176185608, 0.2968229651451111, 0.35744738578796387, 0.3096938729286194, 0.2931180000305176, 0.28388118743896484, 0.2255377620458603, 0.2196483612060547, 0.199766144156456, 0.19289302825927734, 0.18935638666152954, 0.15290170907974243, 0.14308679103851318, 0.13732315599918365, 0.13389542698860168, 0.1071518063545227, 0.15190240740776062, 0.10892468690872192, 0.12437650561332703, 0.11831226199865341, 0.1345311403274536, 0.22033990919589996, 0.1500464528799057, 0.15256230533123016, 0.09561970084905624, 0.09060752391815186, 0.14129215478897095, 0.15161031484603882, 0.17094017565250397, 0.1289340704679489, 0.1094990000128746, 0.20553015172481537, 0.10539791733026505, 0.0984581857919693, 0.07238789647817612, 0.08950537443161011, 0.06156473234295845, 0.05378894880414009, 0.05165963992476463], "accuracy": [0.5845588445663452, 0.7536764740943909, 0.7573529481887817, 0.7555146813392639, 0.8051470518112183, 0.8069853186607361, 0.8400735259056091, 0.8382353186607361, 0.8235294222831726, 0.8566176295280457, 0.8566176295280457, 0.8786764740943909, 0.8639705777168274, 0.875, 0.8621323704719543, 0.8786764740943909, 0.875, 0.9209558963775635, 0.8988970518112183, 0.9246323704719543, 0.9172794222831726, 0.904411792755127, 0.935661792755127, 0.939338207244873, 0.9430146813392639, 0.9448529481887817, 0.9503676295280457, 0.9338235259056091, 0.9577205777168274, 0.9558823704719543, 0.9503676295280457, 0.9522058963775635, 0.9227941036224365, 0.935661792755127, 0.9375, 0.9522058963775635, 0.9632353186607361, 0.9558823704719543, 0.9411764740943909, 0.9264705777168274, 0.9430146813392639, 0.966911792755127, 0.9246323704719543, 0.9650735259056091, 0.9650735259056091, 0.9742646813392639, 0.96875, 0.9761029481887817, 0.9834558963775635, 0.9852941036224365], "val_loss": [0.5384785532951355, 0.4786650240421295, 0.5580421686172485, 0.5557436943054199, 0.43267422914505005, 0.4504833221435547, 0.4435698986053467, 0.5434281229972839, 0.46939370036125183, 0.4892248809337616, 0.5346393585205078, 0.5244884490966797, 0.4908023178577423, 0.6104463934898376, 0.5014522075653076, 0.48321595788002014, 0.4589349031448364, 0.5101181864738464, 0.5360145568847656, 0.4934919476509094, 0.6718294620513916, 0.5140450596809387, 0.5377333164215088, 0.6567385792732239, 0.6049246788024902, 0.6811784505844116, 0.6387635469436646, 0.5968204736709595, 0.7438325881958008, 0.7308099269866943, 0.7278358936309814, 0.6328502297401428, 0.7107165455818176, 0.740175724029541, 0.639417827129364, 0.8306897878646851, 0.6741880774497986, 0.7576149106025696, 0.7731578350067139, 0.7956257462501526, 0.7420945763587952, 0.834530234336853, 0.7623186707496643, 0.8279567360877991, 0.8649889230728149, 0.8653250932693481, 0.9848188757896423, 0.8752554059028625, 0.9059503674507141, 0.8865336179733276], "val_accuracy": [0.7720588445663452, 0.8235294222831726, 0.7720588445663452, 0.779411792755127, 0.8235294222831726, 0.8161764740943909, 0.8088235259056091, 0.7720588445663452, 0.8308823704719543, 0.779411792755127, 0.7647058963775635, 0.8014705777168274, 0.8014705777168274, 0.7941176295280457, 0.8235294222831726, 0.7941176295280457, 0.8161764740943909, 0.8014705777168274, 0.8161764740943909, 0.8014705777168274, 0.7867646813392639, 0.7867646813392639, 0.8088235259056091, 0.7647058963775635, 0.7941176295280457, 0.779411792755127, 0.7867646813392639, 0.7867646813392639, 0.7720588445663452, 0.7941176295280457, 0.7867646813392639, 0.8014705777168274, 0.7941176295280457, 0.7867646813392639, 0.7720588445663452, 0.7720588445663452, 0.7867646813392639, 0.8014705777168274, 0.7720588445663452, 0.7720588445663452, 0.7720588445663452, 0.8014705777168274, 0.779411792755127, 0.7941176295280457, 0.7941176295280457, 0.7941176295280457, 0.7647058963775635, 0.7867646813392639, 0.7867646813392639, 0.8014705777168274]}