{"loss": [0.9959290623664856, 0.802680253982544, 0.7147511839866638, 0.6497770547866821, 0.6063466668128967, 0.5929791331291199, 0.5842548608779907, 0.6785842776298523, 0.5419382452964783, 0.5273153781890869, 0.5692437887191772, 0.5497698783874512, 0.5503889918327332, 0.553448498249054, 0.5220508575439453, 0.5167766809463501, 0.5202511548995972, 0.5024943947792053, 0.4870343506336212, 0.48271891474723816, 0.5265445113182068, 0.4793253540992737, 0.45312073826789856, 0.45963984727859497, 0.47193604707717896, 0.5127768516540527, 0.470535546541214, 0.49566006660461426, 0.4600166976451874, 0.4581536650657654, 0.5071245431900024, 0.46041402220726013, 0.4372398555278778, 0.4465101659297943, 0.4472494423389435, 0.47869250178337097, 0.5010625123977661, 0.46572840213775635, 0.44892048835754395, 0.40030449628829956, 0.494498074054718, 0.4217071235179901, 0.41914042830467224, 0.39600345492362976, 0.4055938422679901, 0.4146175682544708, 0.40445250272750854, 0.4499964416027069, 0.41796207427978516, 0.43797773122787476], "accuracy": [0.625, 0.6709558963775635, 0.7113970518112183, 0.7279411554336548, 0.7279411554336548, 0.7371323704719543, 0.7371323704719543, 0.7132353186607361, 0.779411792755127, 0.7757353186607361, 0.751838207244873, 0.7573529481887817, 0.7463235259056091, 0.75, 0.7720588445663452, 0.7628676295280457, 0.78125, 0.7904411554336548, 0.779411792755127, 0.7959558963775635, 0.7702205777168274, 0.7941176295280457, 0.8014705777168274, 0.7922794222831726, 0.7867646813392639, 0.7757353186607361, 0.8014705777168274, 0.78125, 0.7886029481887817, 0.7886029481887817, 0.7757353186607361, 0.7959558963775635, 0.810661792755127, 0.8069853186607361, 0.7996323704719543, 0.7702205777168274, 0.7775735259056091, 0.78125, 0.7922794222831726, 0.8198529481887817, 0.7757353186607361, 0.7977941036224365, 0.810661792755127, 0.8216911554336548, 0.8125, 0.8216911554336548, 0.810661792755127, 0.810661792755127, 0.8033088445663452, 0.810661792755127], "val_loss": [0.7276976108551025, 0.543795108795166, 0.6105543971061707, 0.46957308053970337, 0.6013478636741638, 0.5455875396728516, 0.47447553277015686, 0.49453219771385193, 0.48790493607521057, 0.53035968542099, 0.529403805732727, 0.4838835299015045, 0.5243892669677734, 0.5366405844688416, 0.5234313011169434, 0.4556589424610138, 0.45264995098114014, 0.5833418965339661, 0.5461394786834717, 0.4601890742778778, 0.44905421137809753, 0.4423105716705322, 0.4326213002204895, 0.6188031435012817, 0.7252089381217957, 0.48496460914611816, 0.4417518973350525, 0.41965627670288086, 0.5032735466957092, 0.46237972378730774, 0.5503190159797668, 0.5983649492263794, 0.44405364990234375, 0.4409366250038147, 0.43668651580810547, 0.4596693515777588, 0.46466800570487976, 0.46732088923454285, 0.4648512303829193, 0.46796125173568726, 0.40399205684661865, 0.5207381248474121, 0.49223148822784424, 0.3967975676059723, 0.4827703535556793, 0.6459067463874817, 0.46608713269233704, 0.5105451941490173, 0.4658714532852173, 0.4070424735546112], "val_accuracy": [0.6397058963775635, 0.7867646813392639, 0.7058823704719543, 0.8308823704719543, 0.75, 0.7647058963775635, 0.8088235259056091, 0.7941176295280457, 0.8161764740943909, 0.8088235259056091, 0.7352941036224365, 0.8161764740943909, 0.7573529481887817, 0.8088235259056091, 0.7426470518112183, 0.8382353186607361, 0.7867646813392639, 0.7573529481887817, 0.7352941036224365, 0.8088235259056091, 0.8308823704719543, 0.7941176295280457, 0.8529411554336548, 0.7279411554336548, 0.75, 0.8308823704719543, 0.8014705777168274, 0.8161764740943909, 0.7132353186607361, 0.8308823704719543, 0.7573529481887817, 0.7426470518112183, 0.7867646813392639, 0.7941176295280457, 0.779411792755127, 0.8014705777168274, 0.8014705777168274, 0.7941176295280457, 0.7867646813392639, 0.8088235259056091, 0.875, 0.779411792755127, 0.8014705777168274, 0.8382353186607361, 0.7941176295280457, 0.7867646813392639, 0.8088235259056091, 0.7867646813392639, 0.7941176295280457, 0.8602941036224365]}